{
	"pages": [ //pages数组中第一项表示应用启动页，参考：https://uniapp.dcloud.io/collocation/pages
		{
			"path": "pages/index/index",
			"style": {
				"navigationBarTitleText": "首页"
			}
		}
	    ,{
            "path" : "pages/myOrder/myOrder",
            "style" : {
				"navigationBarTitleText": "我的订单",
				"enablePullDownRefresh": true
			}
        }
        ,{
            "path" : "pages/login/login",
            "style" : {
				"navigationBarTitleText": "查看订单"
			}
        }
        ,{
            "path" : "pages/agreement/agreement",
            "style" : {}
        }
    ],
	"globalStyle": {
		"navigationBarTextStyle": "black",
		"navigationBarTitleText": "学生奶",
		"navigationBarBackgroundColor": "#F8F8F8",
		"backgroundColor": "#F8F8F8"
	},
	"tabBar":{
		"color":"black",
		"selectedColor":"#808080",
		"backgroundColor":"#FFFFFF",
		"list":[{
			"pagePath":"pages/index/index",
			"iconPath":"static/icon/index.png",
			"selectedIconPath":"static/icon/index.png",
			"text":"首页"
		},{
			"pagePath":"pages/myOrder/myOrder",
			"iconPath":"static/icon/order.png",
			"selectedIconPath":"static/icon/order.png",
			"text":"查看订单"
		}]
		
	}
	
	
}
